"Coverage","Recorded customer ledger entries only; incomplete source coverage"
"Snapshot","65"
"Account ID","fixture-account"
"Customer ID","fixture-customer"
"Currency","NGN"
"Amounts","Exact integer minor units. Import amount columns as text."
"Amount owed (minor units)","2403200"
"Available credit (minor units)","603100"
"Net balance (minor units)","1800100"

"Sequence","Effective date (UTC)","Recorded date (UTC)","Kind","Description","Debit (minor units)","Credit (minor units)","Running net balance (minor units)","Source","Order","Store","Actor","Correction of"
"1","2026-10-02T10:00:00.000Z","2026-10-02T10:00:00.000Z","OPENING_DEBT","Opening debt","2400000","0","2400000","fixture-source-1","","","fixture-owner",""
"2","2026-10-02T10:00:00.000Z","2026-10-02T10:00:00.000Z","RECEIPT","Customer cash received","0","600000","1800000","fixture-source-2","","","fixture-owner",""
"3","2026-10-02T10:00:00.000Z","2026-10-02T10:00:00.000Z","REVERSAL","Retained correction sample 3","100","0","1800100","fixture-source-3","","","fixture-owner","fixture-old-2"
"4","2026-10-02T10:00:00.000Z","2026-10-02T10:00:00.000Z","REVERSAL","Retained correction sample 4","0","100","1800000","fixture-source-4","","","fixture-owner","fixture-old-3"
"5","2026-10-02T10:00:00.000Z","2026-10-02T10:00:00.000Z","REVERSAL","Retained correction sample 5","100","0","1800100","fixture-source-5","","","fixture-owner","fixture-old-4"
"6","2026-10-02T10:00:00.000Z","2026-10-02T10:00:00.000Z","REVERSAL","Retained correction sample 6","0","100","1800000","fixture-source-6","","","fixture-owner","fixture-old-5"
"7","2026-10-02T10:00:00.000Z","2026-10-02T10:00:00.000Z","REVERSAL","Retained correction sample 7","100","0","1800100","fixture-source-7","","","fixture-owner","fixture-old-6"
"8","2026-10-02T10:00:00.000Z","2026-10-02T10:00:00.000Z","REVERSAL","Retained correction sample 8","0","100","1800000","fixture-source-8","","","fixture-owner","fixture-old-7"
"9","2026-10-02T10:00:00.000Z","2026-10-02T10:00:00.000Z","REVERSAL","Retained correction sample 9","100","0","1800100","fixture-source-9","","","fixture-owner","fixture-old-8"
"10","2026-10-02T10:00:00.000Z","2026-10-02T10:00:00.000Z","REVERSAL","Retained correction sample 10","0","100","1800000","fixture-source-10","","","fixture-owner","fixture-old-9"
"11","2026-10-02T10:00:00.000Z","2026-10-02T10:00:00.000Z","REVERSAL","Retained correction sample 11","100","0","1800100","fixture-source-11","","","fixture-owner","fixture-old-10"
"12","2026-10-02T10:00:00.000Z","2026-10-02T10:00:00.000Z","REVERSAL","Retained correction sample 12","0","100","1800000","fixture-source-12","","","fixture-owner","fixture-old-11"
"13","2026-10-02T10:00:00.000Z","2026-10-02T10:00:00.000Z","REVERSAL","Retained correction sample 13","100","0","1800100","fixture-source-13","","","fixture-owner","fixture-old-12"
"14","2026-10-02T10:00:00.000Z","2026-10-02T10:00:00.000Z","REVERSAL","Retained correction sample 14","0","100","1800000","fixture-source-14","","","fixture-owner","fixture-old-13"
"15","2026-10-02T10:00:00.000Z","2026-10-02T10:00:00.000Z","REVERSAL","Retained correction sample 15","100","0","1800100","fixture-source-15","","","fixture-owner","fixture-old-14"
"16","2026-10-02T10:00:00.000Z","2026-10-02T10:00:00.000Z","REVERSAL","Retained correction sample 16","0","100","1800000","fixture-source-16","","","fixture-owner","fixture-old-15"
"17","2026-10-02T10:00:00.000Z","2026-10-02T10:00:00.000Z","REVERSAL","Retained correction sample 17","100","0","1800100","fixture-source-17","","","fixture-owner","fixture-old-16"
"18","2026-10-02T10:00:00.000Z","2026-10-02T10:00:00.000Z","REVERSAL","Retained correction sample 18","0","100","1800000","fixture-source-18","","","fixture-owner","fixture-old-17"
"19","2026-10-02T10:00:00.000Z","2026-10-02T10:00:00.000Z","REVERSAL","Retained correction sample 19","100","0","1800100","fixture-source-19","","","fixture-owner","fixture-old-18"
"20","2026-10-02T10:00:00.000Z","2026-10-02T10:00:00.000Z","REVERSAL","Retained correction sample 20","0","100","1800000","fixture-source-20","","","fixture-owner","fixture-old-19"
"21","2026-10-02T10:00:00.000Z","2026-10-02T10:00:00.000Z","REVERSAL","Retained correction sample 21","100","0","1800100","fixture-source-21","","","fixture-owner","fixture-old-20"
"22","2026-10-02T10:00:00.000Z","2026-10-02T10:00:00.000Z","REVERSAL","Retained correction sample 22","0","100","1800000","fixture-source-22","","","fixture-owner","fixture-old-21"
"23","2026-10-02T10:00:00.000Z","2026-10-02T10:00:00.000Z","REVERSAL","Retained correction sample 23","100","0","1800100","fixture-source-23","","","fixture-owner","fixture-old-22"
"24","2026-10-02T10:00:00.000Z","2026-10-02T10:00:00.000Z","REVERSAL","Retained correction sample 24","0","100","1800000","fixture-source-24","","","fixture-owner","fixture-old-23"
"25","2026-10-02T10:00:00.000Z","2026-10-02T10:00:00.000Z","REVERSAL","Retained correction sample 25","100","0","1800100","fixture-source-25","","","fixture-owner","fixture-old-24"
"26","2026-10-02T10:00:00.000Z","2026-10-02T10:00:00.000Z","REVERSAL","Retained correction sample 26","0","100","1800000","fixture-source-26","","","fixture-owner","fixture-old-25"
"27","2026-10-02T10:00:00.000Z","2026-10-02T10:00:00.000Z","REVERSAL","Retained correction sample 27","100","0","1800100","fixture-source-27","","","fixture-owner","fixture-old-26"
"28","2026-10-02T10:00:00.000Z","2026-10-02T10:00:00.000Z","REVERSAL","Retained correction sample 28","0","100","1800000","fixture-source-28","","","fixture-owner","fixture-old-27"
"29","2026-10-02T10:00:00.000Z","2026-10-02T10:00:00.000Z","REVERSAL","Retained correction sample 29","100","0","1800100","fixture-source-29","","","fixture-owner","fixture-old-28"
"30","2026-10-02T10:00:00.000Z","2026-10-02T10:00:00.000Z","REVERSAL","Retained correction sample 30","0","100","1800000","fixture-source-30","","","fixture-owner","fixture-old-29"
"31","2026-10-02T10:00:00.000Z","2026-10-02T10:00:00.000Z","REVERSAL","Retained correction sample 31","100","0","1800100","fixture-source-31","","","fixture-owner","fixture-old-30"
"32","2026-10-02T10:00:00.000Z","2026-10-02T10:00:00.000Z","REVERSAL","Retained correction sample 32","0","100","1800000","fixture-source-32","","","fixture-owner","fixture-old-31"
"33","2026-10-02T10:00:00.000Z","2026-10-02T10:00:00.000Z","REVERSAL","Retained correction sample 33","100","0","1800100","fixture-source-33","","","fixture-owner","fixture-old-32"
"34","2026-10-02T10:00:00.000Z","2026-10-02T10:00:00.000Z","REVERSAL","Retained correction sample 34","0","100","1800000","fixture-source-34","","","fixture-owner","fixture-old-33"
"35","2026-10-02T10:00:00.000Z","2026-10-02T10:00:00.000Z","REVERSAL","Retained correction sample 35","100","0","1800100","fixture-source-35","","","fixture-owner","fixture-old-34"
"36","2026-10-02T10:00:00.000Z","2026-10-02T10:00:00.000Z","REVERSAL","Retained correction sample 36","0","100","1800000","fixture-source-36","","","fixture-owner","fixture-old-35"
"37","2026-10-02T10:00:00.000Z","2026-10-02T10:00:00.000Z","REVERSAL","Retained correction sample 37","100","0","1800100","fixture-source-37","","","fixture-owner","fixture-old-36"
"38","2026-10-02T10:00:00.000Z","2026-10-02T10:00:00.000Z","REVERSAL","Retained correction sample 38","0","100","1800000","fixture-source-38","","","fixture-owner","fixture-old-37"
"39","2026-10-02T10:00:00.000Z","2026-10-02T10:00:00.000Z","REVERSAL","Retained correction sample 39","100","0","1800100","fixture-source-39","","","fixture-owner","fixture-old-38"
"40","2026-10-02T10:00:00.000Z","2026-10-02T10:00:00.000Z","REVERSAL","Retained correction sample 40","0","100","1800000","fixture-source-40","","","fixture-owner","fixture-old-39"
"41","2026-10-02T10:00:00.000Z","2026-10-02T10:00:00.000Z","REVERSAL","Retained correction sample 41","100","0","1800100","fixture-source-41","","","fixture-owner","fixture-old-40"
"42","2026-10-02T10:00:00.000Z","2026-10-02T10:00:00.000Z","REVERSAL","Retained correction sample 42","0","100","1800000","fixture-source-42","","","fixture-owner","fixture-old-41"
"43","2026-10-02T10:00:00.000Z","2026-10-02T10:00:00.000Z","REVERSAL","Retained correction sample 43","100","0","1800100","fixture-source-43","","","fixture-owner","fixture-old-42"
"44","2026-10-02T10:00:00.000Z","2026-10-02T10:00:00.000Z","REVERSAL","Retained correction sample 44","0","100","1800000","fixture-source-44","","","fixture-owner","fixture-old-43"
"45","2026-10-02T10:00:00.000Z","2026-10-02T10:00:00.000Z","REVERSAL","Retained correction sample 45","100","0","1800100","fixture-source-45","","","fixture-owner","fixture-old-44"
"46","2026-10-02T10:00:00.000Z","2026-10-02T10:00:00.000Z","REVERSAL","Retained correction sample 46","0","100","1800000","fixture-source-46","","","fixture-owner","fixture-old-45"
"47","2026-10-02T10:00:00.000Z","2026-10-02T10:00:00.000Z","REVERSAL","Retained correction sample 47","100","0","1800100","fixture-source-47","","","fixture-owner","fixture-old-46"
"48","2026-10-02T10:00:00.000Z","2026-10-02T10:00:00.000Z","REVERSAL","Retained correction sample 48","0","100","1800000","fixture-source-48","","","fixture-owner","fixture-old-47"
"49","2026-10-02T10:00:00.000Z","2026-10-02T10:00:00.000Z","REVERSAL","Retained correction sample 49","100","0","1800100","fixture-source-49","","","fixture-owner","fixture-old-48"
"50","2026-10-02T10:00:00.000Z","2026-10-02T10:00:00.000Z","REVERSAL","Retained correction sample 50","0","100","1800000","fixture-source-50","","","fixture-owner","fixture-old-49"
"51","2026-10-02T10:00:00.000Z","2026-10-02T10:00:00.000Z","REVERSAL","Retained correction sample 51","100","0","1800100","fixture-source-51","","","fixture-owner","fixture-old-50"
"52","2026-10-02T10:00:00.000Z","2026-10-02T10:00:00.000Z","REVERSAL","Retained correction sample 52","0","100","1800000","fixture-source-52","","","fixture-owner","fixture-old-51"
"53","2026-10-02T10:00:00.000Z","2026-10-02T10:00:00.000Z","REVERSAL","Retained correction sample 53","100","0","1800100","fixture-source-53","","","fixture-owner","fixture-old-52"
"54","2026-10-02T10:00:00.000Z","2026-10-02T10:00:00.000Z","REVERSAL","Retained correction sample 54","0","100","1800000","fixture-source-54","","","fixture-owner","fixture-old-53"
"55","2026-10-02T10:00:00.000Z","2026-10-02T10:00:00.000Z","REVERSAL","Retained correction sample 55","100","0","1800100","fixture-source-55","","","fixture-owner","fixture-old-54"
"56","2026-10-02T10:00:00.000Z","2026-10-02T10:00:00.000Z","REVERSAL","Retained correction sample 56","0","100","1800000","fixture-source-56","","","fixture-owner","fixture-old-55"
"57","2026-10-02T10:00:00.000Z","2026-10-02T10:00:00.000Z","REVERSAL","Retained correction sample 57","100","0","1800100","fixture-source-57","","","fixture-owner","fixture-old-56"
"58","2026-10-02T10:00:00.000Z","2026-10-02T10:00:00.000Z","REVERSAL","Retained correction sample 58","0","100","1800000","fixture-source-58","","","fixture-owner","fixture-old-57"
"59","2026-10-02T10:00:00.000Z","2026-10-02T10:00:00.000Z","REVERSAL","Retained correction sample 59","100","0","1800100","fixture-source-59","","","fixture-owner","fixture-old-58"
"60","2026-10-02T10:00:00.000Z","2026-10-02T10:00:00.000Z","REVERSAL","Retained correction sample 60","0","100","1800000","fixture-source-60","","","fixture-owner","fixture-old-59"
"61","2026-10-02T10:00:00.000Z","2026-10-02T10:00:00.000Z","REVERSAL","Retained correction sample 61","100","0","1800100","fixture-source-61","","","fixture-owner","fixture-old-60"
"62","2026-10-02T10:00:00.000Z","2026-10-02T10:00:00.000Z","REVERSAL","Retained correction sample 62","0","100","1800000","fixture-source-62","","","fixture-owner","fixture-old-61"
"63","2026-10-02T10:00:00.000Z","2026-10-02T10:00:00.000Z","REVERSAL","Retained correction sample 63","100","0","1800100","fixture-source-63","","","fixture-owner","fixture-old-62"
"64","2026-10-02T10:00:00.000Z","2026-10-02T10:00:00.000Z","REVERSAL","Retained correction sample 64","0","100","1800000","fixture-source-64","","","fixture-owner","fixture-old-63"
"65","2026-10-02T10:00:00.000Z","2026-10-02T10:00:00.000Z","REVERSAL","Retained correction sample 65","100","0","1800100","fixture-source-65","","","fixture-owner","fixture-old-64"
